1,Jimmy,Cruz,jcruz0@devhub.com,1,166.189.53.99
2,Amy,Ramos,aramos1@live.com,1,247.33.28.233
3,Andrea,Sanchez,asanchez2@phoca.cz,1,114.60.129.124
4,Evelyn,Watson,ewatson3@xrea.com,1,161.82.244.214
5,Amanda,George,ageorge4@sun.com,1,184.173.119.217
6,Diane,Diaz,ddiaz5@cam.ac.uk,0,163.24.108.247
7,Lori,Bishop,lbishop6@statcounter.com,1,63.2.0.53
8,William,Clark,wclark7@ftc.gov,0,3.41.12.93
9,Donald,Jacobs,djacobs8@cam.ac.uk,1,42.180.227.106
10,Rose,Gonzales,rgonzales9@google.pl,0,38.201.243.122
11,Sara,Morales,smoralesa@yolasite.com,1,185.228.126.118
12,Christopher,Morrison,cmorrisonb@wix.com,0,71.104.222.162
13,Evelyn,Lewis,elewisc@miitbeian.gov.cn,0,109.192.222.29
14,Maria,Perry,mperryd@blinklist.com,1,82.206.95.105
15,Diane,Smith,dsmithe@oracle.com,0,238.41.158.196
16,Julie,Holmes,jholmesf@mozilla.com,1,178.88.72.29
17,Brandon,King,bkingg@diigo.com,1,49.114.31.119
18,Russell,Burton,rburtonh@globo.com,1,154.183.182.67
19,Brian,Riley,brileyi@blogtalkradio.com,1,210.163.64.49
20,Anne,Garza,agarzaj@deviantart.com,0,99.246.110.25
21,Anna,Ramirez,aramirezk@sakura.ne.jp,0,26.166.204.92
22,Kathryn,Anderson,kandersonl@last.fm,1,118.221.117.184
23,Kathleen,Chavez,kchavezm@apple.com,1,192.208.235.110
24,Maria,Alvarez,malvarezn@bandcamp.com,0,222.111.186.54
25,Rebecca,Oliver,rolivero@issuu.com,1,55.29.211.222
26,Shirley,Weaver,sweaverp@blogger.com,1,16.49.112.227
27,Walter,Dunn,wdunnq@mapy.cz,0,156.156.208.209
28,Brandon,Castillo,bcastillor@abc.net.au,1,124.94.94.10
29,Barbara,Hart,bharts@netscape.com,0,219.196.55.158
30,Janice,Jackson,jjacksont@dagondesign.com,0,47.127.150.171
31,Roy,Berry,rberryu@phpbb.com,1,81.94.135.114
32,Shawn,Pierce,spiercev@moonfruit.com,1,253.6.227.77
33,Todd,Kelly,tkellyw@state.gov,1,199.132.163.44
34,Ruth,Nichols,rnicholsx@usda.gov,1,187.160.255.19
35,Brandon,Carr,bcarry@vkontakte.ru,1,103.31.172.127
36,Joan,Berry,jberryz@google.com.hk,0,13.231.101.186
37,Chris,Mendoza,cmendoza10@netlog.com,0,134.128.24.59
38,Samuel,Fisher,sfisher11@indiegogo.com,1,33.70.35.25
39,Bruce,Freeman,bfreeman12@amazon.co.uk,0,127.118.217.195
40,Kenneth,Knight,kknight13@baidu.com,0,228.152.129.230
41,Diana,Reynolds,dreynolds14@mozilla.org,0,211.68.33.210
42,Marilyn,Carter,mcarter15@etsy.com,1,106.177.45.66
43,Raymond,Olson,rolson16@zdnet.com,1,64.56.74.75
44,Virginia,Perez,vperez17@ftc.gov,1,21.11.23.37
45,Cynthia,Ramirez,cramirez18@typepad.com,1,190.64.40.217
46,Wayne,Myers,wmyers19@wikia.com,0,231.145.103.36
47,Phyllis,Frazier,pfrazier1a@hc360.com,1,71.92.10.136
48,Betty,Burke,bburke1b@ftc.gov,0,245.231.151.90
49,Raymond,Davis,rdavis1c@edublogs.org,1,184.142.241.227
50,Harry,Kim,hkim1d@yahoo.co.jp,1,165.167.122.223
51,Fred,Welch,fwelch1e@xrea.com,0,218.135.30.6
52,Margaret,Jenkins,mjenkins1f@independent.co.uk,0,47.224.93.242
53,Keith,Reed,kreed1g@dot.gov,1,190.16.54.182
54,Andrea,Patterson,apatterson1h@tmall.com,0,203.139.245.153
55,Virginia,Henry,vhenry1i@phoca.cz,1,144.155.168.12
56,Ashley,King,aking1j@addthis.com,1,41.36.207.167
57,Steve,Elliott,selliott1k@slashdot.org,1,157.86.59.43
58,Shawn,Olson,solson1l@cloudflare.com,1,166.30.219.4
59,Raymond,Sanchez,rsanchez1m@squidoo.com,0,126.195.246.154
60,Ann,Sanders,asanders1n@dmoz.org,1,53.142.96.108
61,Roy,Simpson,rsimpson1o@jigsy.com,1,164.188.161.122
62,Richard,Marshall,rmarshall1p@wiley.com,1,163.13.85.1
63,Denise,Thompson,dthompson1q@exblog.jp,1,169.137.107.73
64,Louis,Johnston,ljohnston1r@home.pl,1,149.129.81.227
65,Thomas,Marshall,tmarshall1s@ycombinator.com,0,33.103.158.226
66,Linda,Young,lyoung1t@weebly.com,1,83.9.51.142
67,Janet,Riley,jriley1u@lycos.com,1,244.71.14.121
68,Jesse,Ruiz,jruiz1v@sina.com.cn,1,197.126.179.197
69,Julie,Freeman,jfreeman1w@si.edu,0,148.40.210.210
70,Brandon,Long,blong1x@nsw.gov.au,0,195.118.62.131
71,Kimberly,Price,kprice1y@cbslocal.com,1,59.205.196.138
72,Emily,Morris,emorris1z@parallels.com,0,75.42.30.48
73,Kathryn,Cunningham,kcunningham20@hp.com,0,198.181.39.97
74,Jacqueline,Gray,jgray21@qq.com,0,107.243.155.229
75,Justin,Ellis,jellis22@shutterfly.com,0,160.244.115.229
76,Gregory,Butler,gbutler23@typepad.com,1,238.12.81.212
77,Annie,Perkins,aperkins24@123-reg.co.uk,0,121.156.162.15
78,David,Montgomery,dmontgomery25@foxnews.com,0,189.118.110.38
79,Jean,Alvarez,jalvarez26@samsung.com,0,62.156.117.79
80,Scott,Rivera,srivera27@state.tx.us,1,14.150.33.97
81,Jose,Dean,jdean28@nbcnews.com,0,86.126.44.122
82,Keith,Miller,kmiller29@mayoclinic.com,0,207.167.68.41
83,Irene,Allen,iallen2a@cbsnews.com,1,105.109.186.153
84,Denise,Bishop,dbishop2b@buzzfeed.com,1,94.212.228.104
85,Cheryl,Snyder,csnyder2c@4shared.com,1,212.28.90.253
86,Jeffrey,Reyes,jreyes2d@europa.eu,0,176.24.42.239
87,Andrew,Graham,agraham2e@topsy.com,0,83.155.174.252
88,Antonio,Hudson,ahudson2f@biglobe.ne.jp,0,37.54.232.255
89,Melissa,Thompson,mthompson2g@123-reg.co.uk,0,212.248.249.67
90,Judy,Kelley,jkelley2h@facebook.com,0,42.17.45.139
91,Heather,Nelson,hnelson2i@marketwatch.com,1,30.227.178.184
92,Lois,Pierce,lpierce2j@fda.gov,1,215.170.147.157
93,Harry,Wagner,hwagner2k@fda.gov,1,59.44.158.142
94,Christopher,Burns,cburns2l@ask.com,0,180.174.198.183
95,Robert,Mccoy,rmccoy2m@dailymotion.com,0,32.216.219.242
96,Sandra,Chavez,schavez2n@squarespace.com,1,151.19.185.19
97,Denise,Patterson,dpatterson2o@aol.com,1,31.249.55.9
98,Jean,Sullivan,jsullivan2p@ucla.edu,0,198.244.199.89
99,Charles,Hunt,chunt2q@unicef.org,0,36.11.78.88
100,Samuel,Boyd,sboyd2r@economist.com,1,148.19.83.27
101,Helen,Knight,hknight2s@e-recht24.de,1,203.66.201.163
102,Christopher,Jackson,cjackson2t@ed.gov,1,167.133.12.249
103,Cheryl,Hunter,chunter2u@altervista.org,1,27.200.209.40
104,Sean,Robinson,srobinson2v@timesonline.co.uk,0,137.162.208.210
105,Joseph,Gordon,jgordon2w@privacy.gov.au,1,215.156.172.223
106,Margaret,Jordan,mjordan2x@woothemes.com,1,229.93.146.121
107,Shirley,Berry,sberry2y@marriott.com,0,200.75.39.240
108,Joshua,Black,jblack2z@e-recht24.de,0,27.64.218.74
109,Martha,Murphy,mmurphy30@globo.com,0,121.143.81.129
110,Angela,Dunn,adunn31@people.com.cn,1,139.146.231.117
111,Pamela,Alexander,palexander32@omniture.com,1,252.190.120.45
112,Frances,Thompson,fthompson33@multiply.com,1,31.17.216.59
113,Barbara,Barnes,bbarnes34@printfriendly.com,0,218.21.180.61
114,Joseph,Shaw,jshaw35@baidu.com,0,57.95.95.210
115,Nancy,Thomas,nthomas36@de.vu,1,19.183.130.31
116,Rose,Gibson,rgibson37@ucla.edu,1,132.124.129.183
117,Catherine,Snyder,csnyder38@howstuffworks.com,0,217.99.59.193
118,Jessica,Morrison,jmorrison39@nytimes.com,0,158.119.103.86
119,Catherine,Robertson,crobertson3a@globo.com,1,167.161.23.198
120,Shawn,Ray,sray3b@sbwire.com,1,40.33.206.129
121,Pamela,Myers,pmyers3c@comsenz.com,0,101.179.221.51
122,Marilyn,King,mking3d@artisteer.com,0,8.64.21.147
123,Justin,Foster,jfoster3e@pcworld.com,0,95.230.56.110
124,Angela,Torres,atorres3f@cornell.edu,1,48.193.190.236
125,Lisa,Parker,lparker3g@home.pl,1,131.120.197.211
126,Earl,Howard,ehoward3h@sohu.com,0,151.232.36.126
127,Frances,Jenkins,fjenkins3i@bloglines.com,0,112.15.234.45
128,Julie,Mendoza,jmendoza3j@scribd.com,1,249.146.26.63
129,Joshua,Wood,jwood3k@hubpages.com,0,128.144.195.114
130,Kenneth,Schmidt,kschmidt3l@macromedia.com,0,238.245.175.169
131,Harry,Wallace,hwallace3m@canalblog.com,1,77.65.60.150
132,Kimberly,Murphy,kmurphy3n@nba.com,1,111.108.168.79
133,Sarah,Garrett,sgarrett3o@squidoo.com,1,18.192.146.254
134,Julie,Owens,jowens3p@woothemes.com,1,100.163.5.129
135,Joyce,Spencer,jspencer3q@cisco.com,1,245.244.224.116
136,Samuel,Washington,swashington3r@cnet.com,1,45.131.123.102
137,Patricia,Hansen,phansen3s@google.com.au,0,208.182.234.116
138,Louise,Montgomery,lmontgomery3t@desdev.cn,1,117.7.236.201
139,Todd,Hicks,thicks3u@nationalgeographic.com,1,121.217.149.3
140,Sandra,Murray,smurray3v@ow.ly,0,6.108.106.249
141,Antonio,Richardson,arichardson3w@abc.net.au,1,91.2.226.128
142,Jessica,Fuller,jfuller3x@upenn.edu,0,69.178.210.90
143,Aaron,Rodriguez,arodriguez3y@youtube.com,0,249.114.162.131
144,Ernest,Baker,ebaker3z@state.tx.us,1,61.121.240.211
145,Ruby,Moore,rmoore40@dailymotion.com,1,137.40.66.192
146,Virginia,Allen,vallen41@msu.edu,0,188.132.37.163
147,Albert,Carter,acarter42@facebook.com,1,250.67.181.108
148,Randy,Wood,rwood43@parallels.com,1,245.13.190.158
149,Ann,Peterson,apeterson44@phpbb.com,1,165.190.34.38
150,Russell,Jones,rjones45@dion.ne.jp,0,74.12.234.28
151,Henry,Crawford,hcrawford46@istockphoto.com,1,251.116.43.14
152,Ralph,Lawrence,rlawrence47@umn.edu,1,177.51.101.208
153,Teresa,Mccoy,tmccoy48@abc.net.au,0,153.254.148.108
154,Jacqueline,Jacobs,jjacobs49@vimeo.com,1,221.238.183.227
155,Phillip,Hughes,phughes4a@google.com.br,0,171.99.225.111
156,Debra,Daniels,ddaniels4b@photobucket.com,1,118.50.54.113
157,Ralph,Mcdonald,rmcdonald4c@netvibes.com,1,44.64.44.195
158,Johnny,Crawford,jcrawford4d@devhub.com,1,40.61.89.157
159,Wanda,Rose,wrose4e@unc.edu,0,16.176.53.241
160,Ann,Robertson,arobertson4f@bluehost.com,1,212.243.158.8
161,Patricia,Perry,pperry4g@msu.edu,0,32.154.104.211
162,Donna,Burton,dburton4h@narod.ru,0,38.61.213.179
163,Wayne,Nichols,wnichols4i@woothemes.com,1,154.241.125.138
164,Aaron,Henderson,ahenderson4j@usnews.com,1,120.146.55.189
165,Melissa,Garcia,mgarcia4k@flavors.me,1,104.222.114.111
166,Fred,Meyer,fmeyer4l@un.org,1,120.163.109.115
167,Jonathan,Sullivan,jsullivan4m@eepurl.com,0,141.73.227.119
168,Craig,Garcia,cgarcia4n@xing.com,0,154.110.25.221
169,Roger,Lewis,rlewis4o@microsoft.com,0,173.232.21.34
170,Mary,Garza,mgarza4p@networkadvertising.org,0,135.214.164.13
171,Emily,Marshall,emarshall4q@economist.com,1,132.11.213.65
172,Dennis,Kelley,dkelley4r@utexas.edu,0,213.151.227.12
173,George,Morgan,gmorgan4s@npr.org,1,66.145.255.7
174,Laura,Fuller,lfuller4t@home.pl,0,44.20.204.166
175,Carolyn,Mcdonald,cmcdonald4u@g.co,1,119.149.45.149
176,Willie,Collins,wcollins4v@prnewswire.com,1,205.226.185.54
177,Bobby,Carpenter,bcarpenter4w@yellowbook.com,0,148.132.244.167
178,Brandon,Ramos,bramos4x@163.com,0,184.151.7.56
179,David,Stephens,dstephens4y@psu.edu,1,126.37.249.234
180,Nancy,Reyes,nreyes4z@columbia.edu,0,178.103.11.5
181,Doris,Campbell,dcampbell50@mail.ru,1,218.240.159.37
182,Roger,Carter,rcarter51@mac.com,1,220.44.81.42
183,Teresa,Peters,tpeters52@apple.com,0,217.87.143.25
184,Thomas,Wells,twells53@walmart.com,0,147.192.44.237
185,Ruth,Perry,rperry54@nhs.uk,0,56.36.219.243
186,Shirley,Weaver,sweaver55@youtu.be,1,255.186.119.135
187,Rebecca,Foster,rfoster56@over-blog.com,1,89.213.198.180
188,Pamela,Welch,pwelch57@hexun.com,1,111.133.56.107
189,Fred,Moore,fmoore58@tinyurl.com,0,183.215.221.163
190,Robert,Richardson,rrichardson59@skyrock.com,0,104.184.98.87
191,Roger,Nguyen,rnguyen5a@yale.edu,1,163.90.151.150
192,Peter,Myers,pmyers5b@latimes.com,0,121.178.216.1
193,Howard,Fields,hfields5c@japanpost.jp,1,74.215.235.122
194,Joan,Woods,jwoods5d@intel.com,0,153.48.182.125
195,Craig,Thompson,cthompson5e@youtube.com,0,177.75.153.17
196,Andrew,Nichols,anichols5f@qq.com,0,90.208.231.20
197,Douglas,Chavez,dchavez5g@umn.edu,0,241.188.166.216
198,Larry,Boyd,lboyd5h@blog.com,0,152.101.2.216
199,Edward,Owens,eowens5i@webmd.com,0,41.98.114.240
200,Brenda,Wright,bwright5j@discovery.com,1,181.61.208.174
201,Kenneth,Fernandez,kfernandez5k@disqus.com,0,126.233.121.14
202,Steve,Bailey,sbailey5l@etsy.com,0,22.84.59.250
203,Shawn,Grant,sgrant5m@timesonline.co.uk,0,151.154.152.246
204,Dorothy,Burns,dburns5n@blogs.com,1,194.108.225.13
205,Justin,Wilson,jwilson5o@vistaprint.com,1,62.194.45.47
206,Nicole,Turner,nturner5p@purevolume.com,1,207.224.129.138
207,Joseph,Gonzalez,jgonzalez5q@irs.gov,0,100.197.50.134
208,Howard,Diaz,hdiaz5r@utexas.edu,1,95.116.38.138
209,Christopher,King,cking5s@nhs.uk,0,95.98.70.130
210,Todd,Murray,tmurray5t@slideshare.net,1,123.84.201.16
211,Roy,Mason,rmason5u@pinterest.com,1,203.197.229.72
212,Brandon,Gonzales,bgonzales5v@flickr.com,1,144.77.128.29
213,Brandon,Long,blong5w@icio.us,1,219.249.184.32
214,Kathleen,Turner,kturner5x@ustream.tv,0,32.250.74.49
215,Joan,Richards,jrichards5y@blogs.com,1,210.94.73.243
216,Jack,Stephens,jstephens5z@1688.com,1,229.212.128.96
217,Robin,Griffin,rgriffin60@imgur.com,1,235.21.50.29
218,Gregory,Rogers,grogers61@plala.or.jp,1,50.76.150.132
219,Phyllis,Greene,pgreene62@jimdo.com,1,10.252.232.28
220,Dorothy,Castillo,dcastillo63@naver.com,1,255.96.41.9
221,Scott,Clark,sclark64@histats.com,0,50.130.146.138
222,Theresa,Willis,twillis65@ebay.com,0,23.33.174.12
223,Willie,Sims,wsims66@geocities.com,1,126.18.142.30
224,Harry,Price,hprice67@ft.com,0,41.37.236.81
225,Andrew,Bailey,abailey68@nifty.com,0,34.109.82.10
226,Judy,Rogers,jrogers69@feedburner.com,1,8.24.176.160
227,Joseph,Morales,jmorales6a@blog.com,1,44.33.233.144
228,Patrick,Ryan,pryan6b@bizjournals.com,1,40.251.101.243
229,Larry,Dunn,ldunn6c@bluehost.com,1,19.235.146.156
230,Anna,Clark,aclark6d@webs.com,1,249.0.118.89
231,Maria,Foster,mfoster6e@newyorker.com,1,127.251.54.9
232,Sharon,Ray,sray6f@chron.com,0,32.245.90.136
233,Deborah,Ray,dray6g@altervista.org,0,35.139.98.183
234,Beverly,Bradley,bbradley6h@wikispaces.com,1,249.130.66.65
235,Martin,Foster,mfoster6i@t-online.de,1,79.117.242.115
236,Nicole,Dunn,ndunn6j@csmonitor.com,1,156.195.72.9
237,Amy,West,awest6k@tumblr.com,0,221.206.55.185
238,Raymond,Cook,rcook6l@hubpages.com,1,87.174.40.110
239,Anne,Gomez,agomez6m@accuweather.com,1,177.71.220.33
240,Doris,Lawrence,dlawrence6n@vk.com,0,236.4.225.167
241,Deborah,Gray,dgray6o@twitter.com,1,219.15.165.153
242,Adam,Turner,aturner6p@blog.com,0,160.121.71.57
243,Daniel,Austin,daustin6q@tinyurl.com,1,59.60.99.243
244,Steve,Stone,sstone6r@reddit.com,0,208.132.138.102
245,Ruby,Stephens,rstephens6s@webeden.co.uk,0,86.124.35.138
246,Barbara,Stephens,bstephens6t@home.pl,0,162.166.219.22
247,Amy,Hanson,ahanson6u@salon.com,0,118.80.32.176
248,Mark,Coleman,mcoleman6v@hibu.com,1,21.254.79.226
249,Ernest,Wilson,ewilson6w@amazon.de,0,24.63.136.152
250,Sandra,Vasquez,svasquez6x@gravatar.com,0,30.65.254.102
251,Nancy,Kim,nkim6y@soundcloud.com,1,21.27.36.183
252,Craig,Fuller,cfuller6z@sakura.ne.jp,1,23.139.109.169
253,Kevin,Stephens,kstephens70@bravesites.com,0,49.96.86.64
254,Thomas,Riley,triley71@businessinsider.com,0,229.20.122.247
255,Henry,Wright,hwright72@angelfire.com,1,85.8.134.97
256,Irene,Black,iblack73@google.com.hk,0,214.151.106.10
257,Thomas,Garcia,tgarcia74@vinaora.com,1,114.171.10.29
258,Randy,Kim,rkim75@github.com,1,175.95.35.40
259,Samuel,Montgomery,smontgomery76@mayoclinic.com,1,31.62.164.113
260,Joe,Mcdonald,jmcdonald77@free.fr,1,242.124.164.115
261,Kevin,Larson,klarson78@newyorker.com,1,19.29.111.85
262,Andrew,Graham,agraham79@spiegel.de,1,201.139.83.38
263,Joan,Shaw,jshaw7a@hhs.gov,0,238.71.196.112
264,Virginia,Castillo,vcastillo7b@smugmug.com,1,185.107.224.88
265,Jacqueline,Mitchell,jmitchell7c@ibm.com,0,173.68.48.112
266,Roger,Jacobs,rjacobs7d@delicious.com,1,135.100.76.161
267,Terry,Chavez,tchavez7e@washingtonpost.com,0,92.91.140.73
268,Ann,Jordan,ajordan7f@virginia.edu,1,89.37.61.68
269,Andrew,Fuller,afuller7g@baidu.com,0,195.18.18.35
270,Carl,Moreno,cmoreno7h@washington.edu,1,103.23.211.77
271,Sandra,Austin,saustin7i@statcounter.com,1,164.131.85.11
272,Harry,Wallace,hwallace7j@webmd.com,1,80.78.189.82
273,Harry,Fowler,hfowler7k@mozilla.org,0,69.163.107.234
274,Patrick,Brooks,pbrooks7l@hao123.com,0,59.49.48.179
275,Amy,Fox,afox7m@loc.gov,0,41.93.24.18
276,Matthew,Stewart,mstewart7n@tumblr.com,1,45.12.229.60
277,Melissa,Bradley,mbradley7o@sbwire.com,1,237.78.30.134
278,Eric,Torres,etorres7p@tuttocitta.it,0,142.235.19.64
279,Mary,Russell,mrussell7q@vistaprint.com,0,163.96.200.27
280,Jane,George,jgeorge7r@chron.com,0,84.146.114.34
281,Mary,Fuller,mfuller7s@google.nl,1,90.197.215.183
282,Roger,Mills,rmills7t@tmall.com,1,64.114.26.254
283,Richard,Gray,rgray7u@techcrunch.com,0,11.129.163.8
284,Rose,Roberts,rroberts7v@fda.gov,0,8.32.53.201
285,George,Weaver,gweaver7w@wikimedia.org,1,10.8.76.200
286,Mildred,Wilson,mwilson7x@google.ru,0,174.208.159.188
287,Louis,Reid,lreid7y@bloglines.com,1,178.162.219.231
288,Helen,Larson,hlarson7z@domainmarket.com,1,128.134.217.146
289,Ruby,Burke,rburke80@istockphoto.com,1,133.178.7.14
290,Todd,Washington,twashington81@digg.com,1,76.180.228.238
291,Donald,Lawson,dlawson82@squarespace.com,1,147.207.164.7
292,Judith,Mills,jmills83@nasa.gov,0,232.130.160.208
293,Ashley,Gilbert,agilbert84@github.io,1,87.109.180.109
294,Sara,Ferguson,sferguson85@php.net,1,160.119.34.158
295,Sharon,Harris,sharris86@discovery.com,1,196.13.191.37
296,Jason,Garcia,jgarcia87@economist.com,0,28.236.170.80
297,Sara,Romero,sromero88@pbs.org,1,148.48.8.57
298,Steve,Harrison,sharrison89@bizjournals.com,0,193.89.193.229
299,Jean,Wood,jwood8a@facebook.com,1,210.172.108.195
300,Jimmy,Montgomery,jmontgomery8b@guardian.co.uk,1,197.25.5.45
301,Brandon,Graham,bgraham8c@tripod.com,0,82.228.156.200
302,Peter,Hudson,phudson8d@scribd.com,1,242.136.58.18
303,Matthew,Hayes,mhayes8e@cbc.ca,1,184.154.55.162
304,Eric,Gilbert,egilbert8f@usgs.gov,0,148.189.168.194
305,Carlos,Walker,cwalker8g@spiegel.de,1,9.5.123.188
306,Patricia,Cruz,pcruz8h@hubpages.com,0,113.171.255.204
307,George,Murray,gmurray8i@ameblo.jp,1,178.214.116.108
308,Sara,Scott,sscott8j@illinois.edu,1,95.166.177.117
309,Harold,Stewart,hstewart8k@examiner.com,0,31.147.76.208
310,Kevin,Morris,kmorris8l@narod.ru,1,116.249.110.171
311,Lawrence,Riley,lriley8m@seattletimes.com,0,176.110.237.115
312,Ruth,Cunningham,rcunningham8n@booking.com,0,174.170.24.34
313,Martha,Watkins,mwatkins8o@blogs.com,1,211.168.178.31
314,Pamela,Mccoy,pmccoy8p@bandcamp.com,1,79.252.36.114
315,Louis,Day,lday8q@technorati.com,1,198.45.189.32
316,Linda,Ferguson,lferguson8r@blogspot.com,1,63.115.58.11
317,Barbara,Cox,bcox8s@bing.com,0,165.215.84.53
318,Maria,Hunter,mhunter8t@digg.com,0,149.188.223.229
319,Albert,Warren,awarren8u@hugedomains.com,1,25.131.6.45
320,Doris,Gordon,dgordon8v@feedburner.com,0,107.65.43.82
321,Donna,Robertson,drobertson8w@multiply.com,1,154.38.140.22
322,Henry,Burke,hburke8x@yolasite.com,0,207.78.205.173
323,Rose,Thomas,rthomas8y@discovery.com,0,165.233.224.61
324,Jeremy,Wheeler,jwheeler8z@tiny.cc,0,175.246.2.224
325,Jonathan,Nguyen,jnguyen90@nymag.com,0,133.73.247.96
326,Harry,Turner,hturner91@indiegogo.com,1,218.122.53.63
327,Clarence,Gonzalez,cgonzalez92@pagesperso-orange.fr,0,206.185.206.143
328,Kevin,Kim,kkim93@diigo.com,1,151.102.221.250
329,Melissa,Hansen,mhansen94@cyberchimps.com,0,73.231.189.107
330,Anne,Scott,ascott95@aboutads.info,0,171.230.239.210
331,John,Rivera,jrivera96@buzzfeed.com,0,61.60.23.171
332,Phillip,Peters,ppeters97@bravesites.com,0,93.59.160.188
333,Andrew,Ramirez,aramirez98@csmonitor.com,1,185.102.24.68
334,Heather,Gibson,hgibson99@geocities.com,1,225.7.223.246
335,Juan,Ortiz,jortiz9a@bbc.co.uk,0,91.61.223.89
336,Craig,Howard,choward9b@digg.com,1,236.61.71.214
337,Bonnie,Griffin,bgriffin9c@sitemeter.com,0,189.166.248.99
338,Douglas,Sullivan,dsullivan9d@yolasite.com,0,209.56.191.255
339,Louise,Ferguson,lferguson9e@devhub.com,0,116.119.55.153
340,Rose,Jones,rjones9f@plala.or.jp,0,165.251.21.176
341,Robert,Carroll,rcarroll9g@wix.com,0,233.99.5.61
342,Amanda,Meyer,ameyer9h@timesonline.co.uk,1,101.82.243.156
343,Henry,Walker,hwalker9i@tripadvisor.com,1,171.23.150.83
344,Pamela,Rogers,progers9j@cpanel.net,1,155.185.212.212
345,Billy,Howard,bhoward9k@lulu.com,1,253.155.25.128
346,Brian,Franklin,bfranklin9l@surveymonkey.com,1,241.113.209.91
347,Ann,Walker,awalker9m@jalbum.net,1,72.227.192.90
348,Alan,Rice,arice9n@diigo.com,0,62.150.229.38
349,Brenda,Rose,brose9o@about.com,0,47.240.66.240
350,Steve,Wheeler,swheeler9p@dailymotion.com,1,15.154.51.111
351,Eugene,Nelson,enelson9q@soundcloud.com,0,239.109.106.5
352,Cynthia,Chapman,cchapman9r@hostgator.com,1,163.17.25.176
353,Steven,Chapman,schapman9s@odnoklassniki.ru,0,60.249.140.42
354,Randy,Hanson,rhanson9t@barnesandnoble.com,1,82.210.28.116
355,Kevin,Miller,kmiller9u@bloglovin.com,1,57.172.58.255
356,Diana,Robinson,drobinson9v@1und1.de,0,12.117.175.1
357,Christopher,Duncan,cduncan9w@patch.com,1,22.24.225.192
358,Harold,Johnston,hjohnston9x@github.io,0,95.219.126.121
359,Paula,Reed,preed9y@paypal.com,0,255.233.135.157
360,Susan,Rogers,srogers9z@flickr.com,1,130.248.218.83
361,Jessica,Duncan,jduncana0@google.it,1,141.132.136.0
362,Jessica,Gonzalez,jgonzaleza1@tripod.com,0,249.247.130.232
363,Catherine,Fields,cfieldsa2@xrea.com,1,247.75.71.116
364,Ashley,Jenkins,ajenkinsa3@cornell.edu,0,171.95.147.158
365,Brenda,Mendoza,bmendozaa4@parallels.com,0,60.74.200.236
366,Arthur,Carter,acartera5@ow.ly,1,181.44.53.225
367,Kathy,Austin,kaustina6@altervista.org,1,222.39.72.15
368,Howard,Ortiz,hortiza7@home.pl,0,170.231.118.160
369,Robert,Stone,rstonea8@goo.gl,1,1.111.19.124
370,Raymond,Torres,rtorresa9@comcast.net,1,232.248.119.230
371,Donald,Hamilton,dhamiltonaa@w3.org,0,80.42.176.36
372,Martha,Hunt,mhuntab@storify.com,1,230.114.192.214
373,Nicole,Peterson,npetersonac@auda.org.au,0,155.109.127.27
374,Clarence,Baker,cbakerad@adobe.com,0,163.58.145.23
375,Diana,Mendoza,dmendozaae@freewebs.com,0,236.97.111.195
376,Louis,Carroll,lcarrollaf@google.co.jp,1,107.81.112.127
377,Jerry,George,jgeorgeag@smh.com.au,1,101.8.174.158
378,Emily,Woods,ewoodsah@baidu.com,1,219.191.177.158
379,Johnny,Hawkins,jhawkinsai@ustream.tv,0,199.9.81.162
380,Cynthia,Armstrong,carmstrongaj@homestead.com,0,243.14.255.52
381,Adam,Ford,afordak@fda.gov,1,142.124.35.176
382,Ashley,Kennedy,akennedyal@exblog.jp,0,72.174.161.111
383,Tammy,White,twhiteam@163.com,0,244.150.62.156
384,Jane,Little,jlittlean@cam.ac.uk,0,133.62.102.230
385,Clarence,Lewis,clewisao@pcworld.com,0,16.181.79.98
386,Maria,Matthews,mmatthewsap@who.int,1,99.179.9.153
387,Michael,Baker,mbakeraq@uol.com.br,1,12.9.129.107
388,Angela,Gray,agrayar@europa.eu,0,211.77.39.179
389,Stephen,Burns,sburnsas@hugedomains.com,0,168.123.211.220
390,Thomas,Baker,tbakerat@i2i.jp,1,210.88.172.147
391,Dorothy,Perez,dperezau@craigslist.org,1,236.232.136.225
392,Alice,Stone,astoneav@home.pl,0,6.248.235.15
393,Andrea,Rice,ariceaw@ucla.edu,0,33.23.189.181
394,Mildred,Jacobs,mjacobsax@seesaa.net,1,151.65.9.101
395,Nancy,Cunningham,ncunninghamay@pbs.org,1,249.121.164.170
396,Joyce,Harrison,jharrisonaz@independent.co.uk,0,156.228.208.27
397,Justin,Castillo,jcastillob0@apple.com,1,49.75.134.231
398,Harold,Miller,hmillerb1@google.ca,1,180.30.218.159
399,Wayne,Gordon,wgordonb2@altervista.org,0,139.9.116.42
400,Patricia,Howell,phowellb3@issuu.com,1,228.127.202.156
401,Chris,Franklin,cfranklinb4@163.com,0,146.198.67.226
402,Thomas,Brown,tbrownb5@github.io,1,174.164.32.21
403,Harold,Lawson,hlawsonb6@symantec.com,1,29.156.102.38
404,Dorothy,Miller,dmillerb7@chicagotribune.com,1,71.184.130.14
405,Rebecca,Lewis,rlewisb8@ucla.edu,0,0.250.168.35
406,Louise,Berry,lberryb9@state.gov,0,176.246.243.8
407,Jennifer,Hall,jhallba@is.gd,1,210.243.35.53
408,Theresa,Williams,twilliamsbb@netvibes.com,0,64.14.5.138
409,Jean,Garcia,jgarciabc@stumbleupon.com,0,185.54.195.220
410,Aaron,Baker,abakerbd@livejournal.com,0,247.11.144.219
411,Norma,Patterson,npattersonbe@technorati.com,1,9.186.55.167
412,Annie,Murray,amurraybf@huffingtonpost.com,0,249.145.249.200
413,Randy,Day,rdaybg@mac.com,1,167.161.180.170
414,Henry,Hicks,hhicksbh@desdev.cn,1,241.220.33.91
415,Frank,Gutierrez,fgutierrezbi@china.com.cn,1,155.215.229.93
416,Anne,Butler,abutlerbj@e-recht24.de,0,46.42.168.33
417,Robert,Welch,rwelchbk@elegantthemes.com,1,26.110.60.155
418,Roger,Carpenter,rcarpenterbl@wikia.com,0,34.115.75.187
419,Nancy,Stone,nstonebm@dedecms.com,0,126.14.108.137
420,Arthur,Johnson,ajohnsonbn@europa.eu,0,174.63.29.137
421,Randy,Williamson,rwilliamsonbo@ft.com,0,216.37.237.192
422,Kevin,Wood,kwoodbp@scribd.com,1,247.136.162.59
423,Paul,Kennedy,pkennedybq@aboutads.info,1,207.4.211.113
424,Steve,Rodriguez,srodriguezbr@abc.net.au,1,166.7.113.232
425,Maria,Garrett,mgarrettbs@reuters.com,1,162.37.214.215
426,Amanda,Reyes,areyesbt@cisco.com,0,176.67.23.133
427,Sharon,Jackson,sjacksonbu@cyberchimps.com,1,67.90.60.69
428,Craig,Perez,cperezbv@shutterfly.com,0,84.124.99.131
429,Carol,Carpenter,ccarpenterbw@illinois.edu,0,73.22.19.173
430,Bobby,Thompson,bthompsonbx@nsw.gov.au,0,142.151.81.167
431,Diana,Green,dgreenby@msn.com,0,13.247.170.126
432,Benjamin,Burton,bburtonbz@tamu.edu,1,240.141.37.225
433,Howard,Holmes,hholmesc0@canalblog.com,0,27.234.92.114
434,Michelle,Powell,mpowellc1@w3.org,0,82.75.216.65
435,James,Austin,jaustinc2@weather.com,1,115.52.43.17
436,Nancy,Palmer,npalmerc3@ycombinator.com,1,99.22.181.79
437,Brandon,Welch,bwelchc4@vimeo.com,1,0.225.63.212
438,Eric,Lopez,elopezc5@accuweather.com,0,106.17.155.174
439,Dennis,Warren,dwarrenc6@sciencedaily.com,1,249.78.212.130
440,Patricia,Jordan,pjordanc7@issuu.com,1,228.40.119.124
441,Evelyn,Jordan,ejordanc8@devhub.com,1,200.31.38.159
442,Adam,Phillips,aphillipsc9@eventbrite.com,0,232.127.193.30
443,Shirley,Myers,smyersca@seattletimes.com,0,234.22.237.74
444,Joyce,Moore,jmoorecb@multiply.com,0,238.223.150.70
445,Todd,Jackson,tjacksoncc@nba.com,1,129.79.189.61
446,Joseph,Hanson,jhansoncd@purevolume.com,1,46.244.91.24
447,Lawrence,Stevens,lstevensce@rakuten.co.jp,1,198.182.84.176
448,Stephen,Hill,shillcf@harvard.edu,0,64.241.239.238
449,Kathleen,Grant,kgrantcg@seattletimes.com,1,142.13.73.136
450,Deborah,Lynch,dlynchch@usatoday.com,0,146.18.106.119
451,Jonathan,Burns,jburnsci@google.co.jp,1,219.232.3.95
452,Denise,Taylor,dtaylorcj@mlb.com,0,168.58.177.188
453,Kathryn,Alexander,kalexanderck@census.gov,1,36.165.154.105
454,Kenneth,Burton,kburtoncl@bloglines.com,0,165.3.31.5
455,Alan,Webb,awebbcm@cafepress.com,1,158.14.177.158
456,Carolyn,Burns,cburnscn@goo.gl,0,213.11.72.157
457,Shawn,Martin,smartinco@spiegel.de,0,142.4.14.184
458,Phillip,Morrison,pmorrisoncp@exblog.jp,0,108.18.179.4
459,Barbara,Duncan,bduncancq@msn.com,0,76.162.196.186
460,Randy,Snyder,rsnydercr@de.vu,0,35.135.78.109
461,Ashley,Stewart,astewartcs@jalbum.net,1,55.82.133.21
462,Ann,Ryan,aryanct@quantcast.com,1,58.151.205.62
463,Jimmy,Harrison,jharrisoncu@dailymotion.com,1,204.134.151.82
464,Debra,Hunter,dhuntercv@yellowbook.com,1,88.204.203.224
465,Sharon,Grant,sgrantcw@exblog.jp,0,153.18.226.12
466,Rachel,Oliver,rolivercx@technorati.com,1,79.1.235.97
467,Sharon,Fowler,sfowlercy@so-net.ne.jp,1,149.206.190.171
468,Rose,Hunter,rhuntercz@uiuc.edu,0,234.46.25.26
469,Sandra,Richards,srichardsd0@t.co,0,74.129.227.92
470,Gary,Frazier,gfrazierd1@sphinn.com,0,35.119.193.93
471,Stephen,Walker,swalkerd2@wiley.com,0,28.123.105.10
472,Frank,Brown,fbrownd3@weather.com,0,23.136.237.122
473,Jeffrey,Williamson,jwilliamsond4@hexun.com,1,156.26.244.115
474,Albert,Price,apriced5@rediff.com,0,120.54.13.54
475,Anne,Reynolds,areynoldsd6@hud.gov,0,149.29.100.15
476,Justin,Harper,jharperd7@forbes.com,0,136.138.115.63
477,Alice,Butler,abutlerd8@flickr.com,0,164.77.184.204
478,Susan,Stanley,sstanleyd9@zdnet.com,1,168.146.228.195
479,Adam,Crawford,acrawfordda@wufoo.com,1,138.57.73.82
480,Norma,Lynch,nlynchdb@foxnews.com,0,243.90.152.151
481,Angela,Peterson,apetersondc@linkedin.com,0,15.222.119.20
482,Carolyn,Cunningham,ccunninghamdd@is.gd,1,237.144.74.176
483,Louis,Lane,llanede@clickbank.net,0,155.217.178.251
484,Jason,Dixon,jdixondf@newsvine.com,1,175.72.32.191
485,Rebecca,Parker,rparkerdg@linkedin.com,1,72.77.197.44
486,Bruce,Hall,bhalldh@freewebs.com,1,174.28.200.214
487,Fred,Kelly,fkellydi@telegraph.co.uk,1,205.50.240.248
488,Judy,Chapman,jchapmandj@people.com.cn,0,5.8.42.226
489,Kenneth,Morgan,kmorgandk@furl.net,0,237.98.164.105
490,Marilyn,Bennett,mbennettdl@noaa.gov,0,40.247.245.72
491,Ralph,Freeman,rfreemandm@is.gd,1,221.38.33.3
492,Jason,Garrett,jgarrettdn@salon.com,1,243.83.17.78
493,Billy,Ortiz,bortizdo@buzzfeed.com,0,125.200.236.20
494,Irene,Banks,ibanksdp@cbslocal.com,0,105.132.35.186
495,Frances,Wheeler,fwheelerdq@wikimedia.org,0,28.49.50.69
496,Joe,Robinson,jrobinsondr@cisco.com,0,123.33.20.46
497,Lois,Griffin,lgriffinds@joomla.org,0,239.16.125.78
498,Judy,Turner,jturnerdt@storify.com,1,43.134.189.92
499,Sara,Williams,swilliamsdu@ft.com,0,1.178.143.104
500,Joseph,Young,jyoungdv@qq.com,0,88.243.183.95
501,Edward,Simmons,esimmonsdw@sphinn.com,1,158.230.191.54
502,Dennis,Lane,dlanedx@yahoo.co.jp,0,3.46.243.134
503,Stephen,Montgomery,smontgomerydy@miitbeian.gov.cn,0,159.23.86.167
504,Bonnie,Watkins,bwatkinsdz@lulu.com,1,114.98.196.79
505,Diana,Gilbert,dgilberte0@dmoz.org,1,2.123.190.21
506,James,Lee,jleee1@merriam-webster.com,1,43.169.5.196
507,Jerry,Stewart,jstewarte2@indiegogo.com,0,166.29.133.79
508,Sandra,Crawford,scrawforde3@altervista.org,0,50.126.113.49
509,Joseph,Fields,jfieldse4@tumblr.com,1,136.73.87.121
510,Antonio,Morris,amorrise5@nationalgeographic.com,1,100.90.191.254
511,Michelle,Spencer,mspencere6@delicious.com,1,13.170.244.114
512,Jacqueline,Ryan,jryane7@ft.com,0,111.15.127.229
513,Jerry,Bennett,jbennette8@sciencedaily.com,0,192.6.111.2
514,Ryan,Gray,rgraye9@bloglines.com,1,9.201.114.121
515,Theresa,Flores,tfloresea@furl.net,0,103.164.122.253
516,Ryan,Washington,rwashingtoneb@cdbaby.com,0,72.177.81.238
517,Elizabeth,Willis,ewillisec@typepad.com,0,119.156.174.157
518,Chris,Castillo,ccastilloed@macromedia.com,1,225.237.34.105
519,Willie,Jordan,wjordanee@cisco.com,0,114.12.181.211
520,Sandra,Austin,saustinef@homestead.com,0,24.102.120.22
521,Beverly,James,bjameseg@cargocollective.com,0,95.228.15.138
522,Ruth,Mitchell,rmitchelleh@arstechnica.com,1,97.165.44.175
523,Victor,Gardner,vgardnerei@wufoo.com,1,244.229.103.146
524,John,Gardner,jgardnerej@nhs.uk,1,137.117.112.150
525,Gregory,Reynolds,greynoldsek@meetup.com,1,24.42.179.132
526,Rachel,Reid,rreidel@dailymotion.com,1,217.86.29.17
527,Jean,Larson,jlarsonem@techcrunch.com,0,15.231.56.15
528,Rebecca,Holmes,rholmesen@histats.com,1,249.30.214.84
529,Bonnie,Franklin,bfranklineo@japanpost.jp,1,76.185.251.108
530,Christine,Greene,cgreeneep@java.com,1,111.109.92.12
531,Martha,Burke,mburkeeq@prlog.org,1,122.198.36.30
532,Carolyn,Bell,cbeller@goo.ne.jp,0,177.59.226.93
533,Barbara,Gibson,bgibsones@twitpic.com,1,249.61.55.100
534,Alan,Graham,agrahamet@dell.com,0,200.155.57.108
535,Billy,Jenkins,bjenkinseu@myspace.com,1,64.163.245.225
536,Rose,Hayes,rhayesev@google.co.uk,0,26.94.184.19
537,Gregory,Dunn,gdunnew@plala.or.jp,0,126.118.97.242
538,Ashley,Gonzales,agonzalesex@w3.org,1,218.32.217.71
539,Eric,Carpenter,ecarpenterey@who.int,1,207.62.19.58
540,Willie,Garrett,wgarrettez@jigsy.com,0,0.222.202.136
541,Ernest,Rose,erosef0@fastcompany.com,0,1.252.184.130
542,Andrea,Sanders,asandersf1@indiatimes.com,1,24.210.65.192
543,Shirley,Patterson,spattersonf2@goo.gl,1,152.18.25.32
544,Charles,Gilbert,cgilbertf3@simplemachines.org,1,251.149.53.233
545,Alan,Ruiz,aruizf4@telegraph.co.uk,1,141.84.234.232
546,Roger,Gilbert,rgilbertf5@tripadvisor.com,1,49.68.38.47
547,Betty,Mills,bmillsf6@sakura.ne.jp,1,54.218.191.156
548,Brenda,Cunningham,bcunninghamf7@kickstarter.com,1,33.168.157.58
549,Robert,Nichols,rnicholsf8@godaddy.com,0,32.170.71.94
550,Bonnie,Fields,bfieldsf9@phpbb.com,0,117.79.77.124
551,Debra,Simmons,dsimmonsfa@photobucket.com,0,186.242.190.10
552,Beverly,Knight,bknightfb@businesswire.com,0,39.63.209.13
553,Norma,Williams,nwilliamsfc@china.com.cn,0,105.149.188.188
554,Louise,Hill,lhillfd@ted.com,1,233.92.31.241
555,Carol,Stephens,cstephensfe@blogspot.com,0,209.70.187.84
556,Louis,Ward,lwardff@studiopress.com,0,132.145.55.222
557,Jeremy,Morgan,jmorganfg@google.fr,0,11.245.224.172
558,Joyce,Fernandez,jfernandezfh@arstechnica.com,1,229.95.61.37
559,Ernest,Carpenter,ecarpenterfi@taobao.com,0,64.182.207.118
560,Ashley,Medina,amedinafj@disqus.com,1,42.143.31.36
561,Ronald,Bowman,rbowmanfk@example.com,1,136.232.154.118
562,Angela,Hamilton,ahamiltonfl@independent.co.uk,1,241.104.223.59
563,David,Webb,dwebbfm@constantcontact.com,0,127.226.88.200
564,Victor,Hall,vhallfn@1688.com,1,3.96.124.24
565,Lawrence,Chapman,lchapmanfo@mac.com,1,223.156.32.182
566,Maria,Elliott,melliottfp@biblegateway.com,1,8.248.161.203
567,Nancy,Freeman,nfreemanfq@scientificamerican.com,1,69.100.125.45
568,Samuel,Oliver,soliverfr@oaic.gov.au,1,115.255.248.192
569,Gerald,Shaw,gshawfs@cnbc.com,0,243.228.127.244
570,Jonathan,Reynolds,jreynoldsft@ibm.com,0,165.135.236.100
571,Ruth,Simpson,rsimpsonfu@ucla.edu,0,219.100.74.166
572,Norma,Meyer,nmeyerfv@blog.com,0,118.85.210.201
573,Julia,Elliott,jelliottfw@narod.ru,0,65.226.18.243
574,Brian,Graham,bgrahamfx@netlog.com,0,36.255.203.88
575,Antonio,Reed,areedfy@gmpg.org,0,151.119.43.86
576,Carlos,Payne,cpaynefz@springer.com,0,63.84.207.38
577,Janice,Fernandez,jfernandezg0@howstuffworks.com,0,226.120.131.189
578,Albert,Alexander,aalexanderg1@noaa.gov,0,95.170.7.102
579,Janet,Watson,jwatsong2@scientificamerican.com,0,235.47.243.151
580,Jose,Cook,jcookg3@shutterfly.com,1,75.147.158.110
581,Bonnie,Olson,bolsong4@princeton.edu,1,119.44.198.58
582,Debra,Anderson,dandersong5@china.com.cn,0,208.126.53.159
583,James,Rogers,jrogersg6@slideshare.net,0,200.24.129.158
584,Maria,Hunter,mhunterg7@newyorker.com,0,166.51.154.99
585,Phillip,Dixon,pdixong8@google.com.au,0,135.200.21.72
586,Cheryl,Hunter,chunterg9@imageshack.us,0,0.78.56.10
587,Judith,Parker,jparkerga@theglobeandmail.com,1,177.210.0.81
588,Julia,Johnston,jjohnstongb@theatlantic.com,1,96.198.20.7
589,Martha,Jackson,mjacksongc@sourceforge.net,1,177.19.134.164
590,Alan,Rivera,ariveragd@wired.com,1,204.230.85.222
591,Marie,Martin,mmartinge@shop-pro.jp,0,85.225.222.172
592,Melissa,Knight,mknightgf@reference.com,1,97.106.65.219
593,Lori,Price,lpricegg@zdnet.com,0,203.75.234.197
594,Carol,Morgan,cmorgangh@marketwatch.com,0,113.63.112.40
595,Katherine,Richards,krichardsgi@pagesperso-orange.fr,1,249.252.135.76
596,Russell,Andrews,randrewsgj@mapy.cz,1,29.10.187.188
597,Ruby,Bradley,rbradleygk@globo.com,0,57.52.250.91
598,Kathy,Armstrong,karmstronggl@weather.com,1,212.88.159.13
599,Phillip,Evans,pevansgm@nsw.gov.au,1,170.56.128.143
600,Diana,Murray,dmurraygn@cpanel.net,1,117.17.253.154
601,Debra,Crawford,dcrawfordgo@51.la,0,229.220.227.44
602,Antonio,Hunter,ahuntergp@pinterest.com,0,126.163.58.45
603,Deborah,Henry,dhenrygq@smugmug.com,1,184.120.175.195
604,Steven,Murphy,smurphygr@zdnet.com,0,131.175.200.21
605,Debra,Williamson,dwilliamsongs@house.gov,0,45.136.139.83
606,Lisa,Baker,lbakergt@cloudflare.com,1,250.43.73.206
607,Steve,Long,slonggu@jimdo.com,0,180.206.248.245
608,Craig,Martinez,cmartinezgv@newsvine.com,1,183.137.173.229
609,Michelle,Woods,mwoodsgw@alexa.com,0,90.84.120.131
610,Craig,Stone,cstonegx@hubpages.com,1,220.0.109.31
611,Kevin,Stevens,kstevensgy@merriam-webster.com,0,18.122.229.50
612,Joe,Cook,jcookgz@github.com,1,93.195.94.66
613,Daniel,Perkins,dperkinsh0@google.nl,1,146.105.65.216
614,Robert,Adams,radamsh1@shinystat.com,0,59.62.144.78
615,Brenda,Perry,bperryh2@nhs.uk,0,106.85.152.244
616,Diana,King,dkingh3@mtv.com,1,54.166.116.224
617,Mark,Hart,mharth4@nps.gov,1,183.226.117.86
618,Mildred,Cruz,mcruzh5@uol.com.br,1,78.3.37.148
619,Ann,Rose,aroseh6@who.int,1,236.31.125.67
620,Roger,Ruiz,rruizh7@dmoz.org,0,202.78.47.107
621,Sara,Lopez,slopezh8@wiley.com,1,77.238.172.4
622,Louise,Evans,levansh9@tinypic.com,0,85.27.160.89
623,Heather,Fields,hfieldsha@dedecms.com,0,28.170.83.149
624,Samuel,Lane,slanehb@chron.com,1,33.72.16.10
625,Brandon,Adams,badamshc@bigcartel.com,0,239.241.80.109
626,Marie,Campbell,mcampbellhd@last.fm,1,171.165.243.166
627,Richard,Garcia,rgarciahe@live.com,0,107.60.109.97
628,Carlos,Brooks,cbrookshf@wunderground.com,0,89.52.172.111
629,Marilyn,Payne,mpaynehg@jiathis.com,1,137.174.30.67
630,Carolyn,Mason,cmasonhh@mlb.com,0,14.200.9.198
631,Juan,Chapman,jchapmanhi@google.it,1,180.246.156.133
632,Kathy,Long,klonghj@mozilla.com,1,135.119.54.41
633,Dorothy,Harrison,dharrisonhk@senate.gov,1,108.17.202.216
634,Mark,Fuller,mfullerhl@youtu.be,0,16.62.202.51
635,Annie,Perkins,aperkinshm@cisco.com,1,100.229.42.139
636,Richard,Bowman,rbowmanhn@e-recht24.de,1,106.197.223.153
637,Kevin,Wright,kwrightho@youtube.com,0,6.51.165.182
638,Frank,Watson,fwatsonhp@huffingtonpost.com,1,218.1.174.105
639,Kelly,Bradley,kbradleyhq@lycos.com,0,18.77.198.101
640,Carlos,Armstrong,carmstronghr@scribd.com,1,249.195.136.246
641,Samuel,Dunn,sdunnhs@fema.gov,0,95.136.82.8
642,Matthew,Mason,mmasonht@uol.com.br,0,99.5.126.210
643,Earl,Stewart,estewarthu@1688.com,0,142.171.208.137
644,Marilyn,Griffin,mgriffinhv@shinystat.com,0,85.91.106.13
645,Paul,Gonzalez,pgonzalezhw@usda.gov,1,246.150.193.85
646,Eric,Cunningham,ecunninghamhx@imdb.com,0,73.19.73.242
647,Matthew,Shaw,mshawhy@booking.com,0,166.136.150.5
648,Jean,Harper,jharperhz@cloudflare.com,1,235.118.224.135
649,Jerry,Lane,jlanei0@washingtonpost.com,0,214.116.166.247
650,Kenneth,Jackson,kjacksoni1@nymag.com,1,128.180.210.27
651,Harold,Fowler,hfowleri2@macromedia.com,0,10.141.94.71
652,Maria,Foster,mfosteri3@hibu.com,1,44.166.251.70
653,Jessica,George,jgeorgei4@miibeian.gov.cn,1,34.4.228.53
654,Cynthia,Bell,cbelli5@google.com.au,0,154.65.40.28
655,Jesse,Barnes,jbarnesi6@yellowpages.com,1,4.108.188.97
656,Gerald,Montgomery,gmontgomeryi7@reuters.com,1,90.221.148.250
657,Douglas,Adams,dadamsi8@oakley.com,1,238.165.143.200
658,Joan,Berry,jberryi9@java.com,0,239.164.248.182
659,Ralph,Howard,rhowardia@xinhuanet.com,1,130.98.7.43
660,Juan,Daniels,jdanielsib@businessweek.com,1,232.247.225.72
661,Steve,Watkins,swatkinsic@cornell.edu,0,109.170.87.41
662,Doris,Riley,drileyid@instagram.com,0,76.110.53.64
663,Kelly,Castillo,kcastilloie@gizmodo.com,1,47.187.157.113
664,Kathryn,Riley,krileyif@hostgator.com,0,132.115.161.137
665,Jimmy,Berry,jberryig@sakura.ne.jp,1,147.64.216.222
666,Shirley,Ryan,sryanih@sina.com.cn,0,204.133.14.209
667,Earl,Gomez,egomezii@posterous.com,0,188.129.153.52
668,Johnny,Dixon,jdixonij@godaddy.com,1,24.29.109.8
669,Jonathan,Castillo,jcastilloik@g.co,0,75.202.193.119
670,Lori,Reid,lreidil@paginegialle.it,1,111.176.76.104
671,Brandon,Gomez,bgomezim@printfriendly.com,1,104.210.132.136
672,Catherine,Lane,clanein@blogger.com,1,162.81.157.64
673,Adam,Garcia,agarciaio@dailymotion.com,1,116.139.136.244
674,Shawn,White,swhiteip@drupal.org,0,28.172.52.197
675,Louise,Fisher,lfisheriq@nationalgeographic.com,0,116.247.39.24
676,Victor,Howard,vhowardir@aboutads.info,0,67.72.113.164
677,Andrea,Hughes,ahughesis@quantcast.com,0,192.195.28.130
678,Diana,Warren,dwarrenit@apache.org,0,54.55.233.255
679,Rose,Brooks,rbrooksiu@flavors.me,0,252.2.191.62
680,Tina,Harrison,tharrisoniv@ftc.gov,1,144.159.154.40
681,Brandon,Bradley,bbradleyiw@nih.gov,1,160.199.102.137
682,Katherine,Nichols,knicholsix@ed.gov,1,8.251.227.195
683,Virginia,Carter,vcarteriy@fotki.com,0,227.3.68.183
684,Donna,Stanley,dstanleyiz@mozilla.com,1,225.129.162.101
685,Ruth,Allen,rallenj0@harvard.edu,1,226.211.49.60
686,Diane,Lynch,dlynchj1@wiley.com,0,252.113.88.8
687,Jose,Willis,jwillisj2@1688.com,1,127.220.171.8
688,Thomas,Hansen,thansenj3@smugmug.com,0,185.26.151.160
689,Robin,Adams,radamsj4@sfgate.com,0,117.233.6.34
690,Lisa,Brooks,lbrooksj5@bravesites.com,1,193.87.208.38
691,Craig,Duncan,cduncanj6@list-manage.com,0,236.195.203.130
692,Ryan,Griffin,rgriffinj7@comcast.net,1,228.41.165.179
693,John,Ortiz,jortizj8@ycombinator.com,0,42.182.163.50
694,Diana,Hunt,dhuntj9@ocn.ne.jp,0,54.5.111.97
695,Fred,Owens,fowensja@digg.com,1,88.136.90.105
696,Aaron,Ramirez,aramirezjb@delicious.com,0,53.199.32.72
697,Justin,White,jwhitejc@ehow.com,0,107.213.56.141
698,Amy,Torres,atorresjd@businessweek.com,1,75.56.98.141
699,Lillian,Austin,laustinje@so-net.ne.jp,0,8.31.99.255
700,Anthony,Garrett,agarrettjf@live.com,1,141.105.23.69
701,Douglas,Bowman,dbowmanjg@360.cn,1,23.5.151.189
702,Justin,Carpenter,jcarpenterjh@prnewswire.com,0,90.62.54.168
703,Ruth,Brooks,rbrooksji@github.io,0,183.22.221.121
704,Ralph,Spencer,rspencerjj@usatoday.com,1,186.12.237.45
705,Mildred,Kelly,mkellyjk@nationalgeographic.com,1,252.29.223.46
706,David,Walker,dwalkerjl@ucoz.com,1,160.168.83.197
707,Cynthia,Porter,cporterjm@chron.com,1,41.193.153.251
708,Louise,Cunningham,lcunninghamjn@usatoday.com,0,133.186.196.168
709,Janice,Gilbert,jgilbertjo@huffingtonpost.com,0,207.126.57.80
710,Kathleen,Ford,kfordjp@github.com,1,3.231.174.126
711,Betty,Howell,bhowelljq@bigcartel.com,1,123.187.127.94
712,Lisa,Price,lpricejr@php.net,0,120.144.137.12
713,Craig,Bishop,cbishopjs@tumblr.com,1,212.63.192.1
714,Christine,Gilbert,cgilbertjt@creativecommons.org,0,221.30.99.175
715,Patricia,Bryant,pbryantju@cbsnews.com,1,89.231.36.124
716,Steven,Graham,sgrahamjv@apple.com,1,54.17.249.85
717,Nancy,Marshall,nmarshalljw@go.com,1,127.43.12.107
718,Frances,Perez,fperezjx@ifeng.com,0,113.101.231.245
719,Ryan,Webb,rwebbjy@cpanel.net,1,73.231.223.252
720,Nicole,Nelson,nnelsonjz@icio.us,0,254.87.80.186
721,Michelle,Bradley,mbradleyk0@comcast.net,0,178.215.173.120
722,Evelyn,Rogers,erogersk1@wikimedia.org,1,19.240.143.216
723,Catherine,Willis,cwillisk2@creativecommons.org,1,6.224.8.59
724,Angela,Phillips,aphillipsk3@last.fm,0,242.135.88.154
725,Cheryl,Berry,cberryk4@techcrunch.com,0,85.63.165.146
726,Kathleen,Diaz,kdiazk5@yellowbook.com,1,120.225.89.252
727,Howard,Carpenter,hcarpenterk6@thetimes.co.uk,1,49.228.63.142
728,Todd,Peterson,tpetersonk7@microsoft.com,0,42.213.90.60
729,Julie,Tucker,jtuckerk8@nifty.com,1,33.129.201.235
730,Phyllis,Smith,psmithk9@addthis.com,0,176.163.161.43
731,Virginia,Brooks,vbrookska@java.com,1,50.102.157.123
732,Lillian,Smith,lsmithkb@gravatar.com,0,17.89.236.213
733,Denise,Weaver,dweaverkc@cisco.com,1,109.4.239.122
734,Daniel,Reed,dreedkd@boston.com,0,237.96.126.80
735,Howard,Lawson,hlawsonke@wikia.com,0,80.144.14.124
736,Lois,Lawrence,llawrencekf@kickstarter.com,1,4.71.181.83
737,Gary,Myers,gmyerskg@hud.gov,1,217.13.61.24
738,Michael,Holmes,mholmeskh@linkedin.com,1,145.14.1.247
739,Anthony,Hill,ahillki@woothemes.com,1,93.224.64.14
740,Brandon,Griffin,bgriffinkj@zdnet.com,0,83.164.152.70
741,Melissa,Reynolds,mreynoldskk@webs.com,1,237.207.233.23
742,Laura,Franklin,lfranklinkl@redcross.org,1,241.129.77.41
743,Marilyn,Fox,mfoxkm@sciencedaily.com,0,201.0.161.127
744,Jane,Stewart,jstewartkn@weather.com,0,230.45.71.57
745,Brian,Stevens,bstevensko@weebly.com,1,242.72.73.94
746,Katherine,Hart,khartkp@icio.us,0,224.244.227.95
747,Nancy,Jackson,njacksonkq@mysql.com,1,239.219.140.203
748,Aaron,Owens,aowenskr@netscape.com,1,8.116.40.123
749,Albert,Smith,asmithks@cisco.com,1,248.206.235.21
750,Susan,Little,slittlekt@vkontakte.ru,0,110.123.57.106
751,Billy,Bowman,bbowmanku@github.com,1,13.94.150.69
752,Linda,Burke,lburkekv@ask.com,1,104.88.251.81
753,Amanda,Hunter,ahunterkw@timesonline.co.uk,0,83.209.102.188
754,Carlos,Elliott,celliottkx@google.it,1,33.8.209.222
755,Richard,Fernandez,rfernandezky@mapy.cz,0,255.14.12.6
756,Tammy,Mills,tmillskz@webeden.co.uk,0,34.96.51.94
757,George,Romero,gromerol0@google.it,1,36.200.192.201
758,Judy,Ortiz,jortizl1@youtube.com,1,231.76.5.94
759,Harry,Miller,hmillerl2@amazonaws.com,0,253.62.136.82
760,Christopher,Tucker,ctuckerl3@blogspot.com,1,147.28.190.137
761,Dennis,Powell,dpowelll4@purevolume.com,1,130.25.64.249
762,Gerald,Nelson,gnelsonl5@bandcamp.com,1,71.165.172.227
763,Phyllis,Vasquez,pvasquezl6@sciencedaily.com,1,111.59.110.245
764,Lillian,Mcdonald,lmcdonaldl7@mtv.com,1,251.196.21.171
765,Virginia,Baker,vbakerl8@xing.com,0,161.13.106.168
766,Joan,Gibson,jgibsonl9@weather.com,0,0.220.234.129
767,Victor,Morgan,vmorganla@sina.com.cn,1,123.31.211.203
768,Jimmy,Gray,jgraylb@go.com,0,163.225.55.140
769,Daniel,Peterson,dpetersonlc@cafepress.com,1,179.180.144.32
770,Howard,Turner,hturnerld@rediff.com,0,185.96.55.183
771,William,Fowler,wfowlerle@weebly.com,1,150.217.230.0
772,Lillian,Hart,lhartlf@wikipedia.org,1,195.244.77.152
773,Linda,White,lwhitelg@latimes.com,0,56.75.60.6
774,Theresa,Chavez,tchavezlh@epa.gov,1,139.254.85.69
775,Ruby,Peterson,rpetersonli@list-manage.com,1,35.35.5.40
776,Martha,Hawkins,mhawkinslj@issuu.com,1,45.112.230.113
777,Adam,Sullivan,asullivanlk@chron.com,0,146.182.33.85
778,Christopher,Hughes,chughesll@delicious.com,1,118.164.142.6
779,Jerry,Hicks,jhickslm@wikia.com,0,221.21.242.145
780,Ralph,Nelson,rnelsonln@thetimes.co.uk,0,141.200.172.108
781,Amy,Robinson,arobinsonlo@statcounter.com,0,236.24.5.50
782,Shawn,Lane,slanelp@phoca.cz,1,131.208.219.142
783,Pamela,Mcdonald,pmcdonaldlq@umich.edu,1,95.254.76.85
784,Kimberly,Wood,kwoodlr@google.co.jp,1,113.100.45.236
785,Bobby,Mccoy,bmccoyls@weather.com,0,214.214.64.213
786,Beverly,Owens,bowenslt@huffingtonpost.com,0,174.152.106.147
787,Kenneth,Price,kpricelu@upenn.edu,0,4.148.57.76
788,Wanda,Crawford,wcrawfordlv@friendfeed.com,1,89.141.88.137
789,Michael,Coleman,mcolemanlw@zimbio.com,0,192.212.75.174
790,Craig,Fuller,cfullerlx@squarespace.com,0,165.195.162.29
791,Matthew,Perkins,mperkinsly@adobe.com,1,120.233.182.105
792,Irene,Welch,iwelchlz@skyrock.com,1,77.203.28.188
793,Emily,Wagner,ewagnerm0@vk.com,0,169.19.107.208
794,Ruby,Gomez,rgomezm1@sbwire.com,0,107.195.3.184
795,Robin,Garrett,rgarrettm2@exblog.jp,0,139.227.252.248
796,Kathryn,Hawkins,khawkinsm3@istockphoto.com,1,68.208.189.15
797,Sarah,Mendoza,smendozam4@mediafire.com,0,27.26.165.30
798,Antonio,Jones,ajonesm5@cnet.com,1,1.34.68.115
799,Ryan,Martin,rmartinm6@digg.com,0,9.204.35.233
800,Sarah,Fox,sfoxm7@quantcast.com,0,190.234.222.125
801,Kathleen,Martinez,kmartinezm8@ed.gov,0,82.56.214.21
802,Michael,Garrett,mgarrettm9@sun.com,1,232.85.50.48
803,Benjamin,Simmons,bsimmonsma@xing.com,0,108.5.105.134
804,Gary,Ellis,gellismb@hatena.ne.jp,0,37.97.82.78
805,Clarence,Alexander,calexandermc@alibaba.com,0,218.44.110.253
806,Terry,Simmons,tsimmonsmd@typepad.com,1,157.168.34.62
807,Lisa,Ramos,lramosme@jalbum.net,1,124.12.211.140
808,Jose,Lawson,jlawsonmf@discovery.com,1,10.175.74.224
809,Katherine,Robertson,krobertsonmg@github.com,0,153.4.227.21
810,Todd,Reynolds,treynoldsmh@msu.edu,1,1.220.161.132
811,Judith,Simmons,jsimmonsmi@sina.com.cn,0,63.180.25.0
812,Irene,Hart,ihartmj@people.com.cn,0,57.249.253.188
813,Jessica,Lawrence,jlawrencemk@pen.io,0,9.243.172.78
814,Debra,Morrison,dmorrisonml@freewebs.com,0,110.42.191.195
815,Barbara,Wright,bwrightmm@technorati.com,1,77.212.252.163
816,Jane,Arnold,jarnoldmn@merriam-webster.com,0,237.81.22.196
817,Evelyn,Smith,esmithmo@issuu.com,1,2.233.109.128
818,Laura,Anderson,landersonmp@washingtonpost.com,1,166.43.226.93
819,Jimmy,Morris,jmorrismq@instagram.com,0,180.236.160.68
820,Ashley,Cole,acolemr@arstechnica.com,0,59.156.124.197
821,Diana,Armstrong,darmstrongms@yahoo.com,1,232.219.166.193
822,Nancy,Mccoy,nmccoymt@sbwire.com,0,36.190.162.36
823,Margaret,Castillo,mcastillomu@yellowbook.com,1,209.189.101.83
824,Justin,Gutierrez,jgutierrezmv@patch.com,1,53.119.185.51
825,Mary,Boyd,mboydmw@icq.com,1,251.199.224.95
826,Dennis,Lane,dlanemx@cbc.ca,0,109.179.62.219
827,Juan,Jenkins,jjenkinsmy@accuweather.com,0,94.153.78.215
828,Helen,Williams,hwilliamsmz@jugem.jp,1,71.73.184.195
829,Roy,Banks,rbanksn0@parallels.com,0,80.164.150.180
830,Shirley,Myers,smyersn1@hao123.com,0,57.156.60.77
831,Gerald,Mendoza,gmendozan2@paypal.com,0,218.245.168.90
832,Brian,Welch,bwelchn3@google.it,0,77.67.91.67
833,Alan,Hicks,ahicksn4@bloomberg.com,0,40.179.200.94
834,Carol,Chapman,cchapmann5@lycos.com,1,53.195.191.32
835,Elizabeth,Andrews,eandrewsn6@bbc.co.uk,1,219.67.21.117
836,Roger,Chapman,rchapmann7@prlog.org,0,124.244.138.92
837,Janet,Phillips,jphillipsn8@pcworld.com,1,9.124.42.204
838,Wayne,Reid,wreidn9@slashdot.org,0,2.234.197.196
839,Mary,Jacobs,mjacobsna@cdbaby.com,1,10.231.189.148
840,Jessica,Price,jpricenb@google.it,1,252.159.75.227
841,Dennis,Williamson,dwilliamsonnc@rediff.com,1,208.196.97.125
842,Stephanie,Scott,sscottnd@purevolume.com,1,13.49.56.62
843,Robert,West,rwestne@psu.edu,1,20.183.246.187
844,Kathryn,Edwards,kedwardsnf@twitpic.com,1,36.112.231.43
845,Stephanie,Barnes,sbarnesng@tamu.edu,0,244.8.140.218
846,Maria,Stephens,mstephensnh@liveinternet.ru,0,206.116.56.43
847,Terry,Armstrong,tarmstrongni@dell.com,0,157.130.106.35
848,Julia,Williamson,jwilliamsonnj@hao123.com,0,69.16.109.83
849,Jeremy,Bryant,jbryantnk@google.com.hk,1,174.27.247.236
850,Jean,Murphy,jmurphynl@tiny.cc,1,140.104.207.147
851,Nicole,Cruz,ncruznm@tinypic.com,1,191.76.105.203
852,Joan,Wagner,jwagnernn@springer.com,0,134.173.227.116
853,Ashley,Mendoza,amendozano@biblegateway.com,0,251.212.212.157
854,Mildred,Coleman,mcolemannp@globo.com,0,184.239.108.67
855,Billy,Perkins,bperkinsnq@cbslocal.com,0,153.158.105.38
856,John,Dean,jdeannr@canalblog.com,0,221.8.77.244
857,Jean,Hughes,jhughesns@stumbleupon.com,1,212.27.129.224
858,Rose,Riley,rrileynt@npr.org,0,122.63.150.145
859,Rose,Hernandez,rhernandeznu@hhs.gov,0,170.28.33.62
860,Ruby,Dean,rdeannv@discuz.net,1,173.95.95.228
861,Anna,Lane,alanenw@discuz.net,0,84.185.173.33
862,Marilyn,Hayes,mhayesnx@wikipedia.org,1,171.248.103.106
863,Kathleen,Wood,kwoodny@skyrock.com,1,116.115.253.184
864,Kathy,Mcdonald,kmcdonaldnz@skyrock.com,1,64.242.205.123
865,Craig,Hayes,chayeso0@plala.or.jp,0,89.183.179.189
866,Jack,Spencer,jspencero1@hc360.com,1,14.133.198.99
867,Ralph,Harrison,rharrisono2@instagram.com,0,234.184.203.254
868,Sandra,White,swhiteo3@seesaa.net,1,111.209.161.121
869,Ruby,Riley,rrileyo4@slashdot.org,1,45.242.209.248
870,Wanda,Morrison,wmorrisono5@boston.com,0,249.109.237.66
871,Phillip,Peterson,ppetersono6@chronoengine.com,1,238.231.245.117
872,Roger,Matthews,rmatthewso7@seattletimes.com,1,223.19.210.32
873,Earl,Washington,ewashingtono8@dedecms.com,1,235.236.47.169
874,Jimmy,Graham,jgrahamo9@tamu.edu,1,53.127.67.117
875,Douglas,Harrison,dharrisonoa@bloglovin.com,1,229.14.7.167
876,Ernest,Green,egreenob@lycos.com,0,40.134.64.129
877,Victor,Lawson,vlawsonoc@usa.gov,1,216.158.153.231
878,Rachel,Sims,rsimsod@microsoft.com,0,75.223.53.245
879,Kimberly,Castillo,kcastillooe@feedburner.com,0,208.30.149.202
880,Louis,Mitchell,lmitchellof@quantcast.com,0,94.255.17.130
881,Aaron,Perkins,aperkinsog@usnews.com,0,174.238.180.227
882,Brandon,Perry,bperryoh@mail.ru,0,215.168.59.163
883,William,Foster,wfosteroi@google.nl,0,20.159.109.37
884,Sarah,Webb,swebboj@oakley.com,0,160.152.239.238
885,Roy,Sanchez,rsanchezok@auda.org.au,0,39.42.105.196
886,Anne,Washington,awashingtonol@china.com.cn,1,80.179.16.144
887,Mildred,Payne,mpayneom@seattletimes.com,1,55.111.102.150
888,Christopher,Mitchell,cmitchellon@qq.com,1,168.3.46.73
889,Jane,Jenkins,jjenkinsoo@123-reg.co.uk,0,70.39.48.180
890,Jessica,Johnson,jjohnsonop@unesco.org,1,111.137.226.111
891,Evelyn,Sullivan,esullivanoq@marketwatch.com,0,56.137.69.158
892,Lisa,Larson,llarsonor@plala.or.jp,1,130.25.245.168
893,Sandra,Patterson,spattersonos@nih.gov,0,250.11.63.104
894,Walter,Holmes,wholmesot@barnesandnoble.com,0,224.71.66.151
895,Nancy,Richardson,nrichardsonou@microsoft.com,0,78.75.171.79
896,Jose,King,jkingov@japanpost.jp,0,234.136.109.167
897,Andrea,Brown,abrownow@elpais.com,1,186.213.75.47
898,Ryan,Lee,rleeox@gizmodo.com,1,94.126.106.125
899,Paula,Ford,pfordoy@vinaora.com,0,95.48.204.25
900,Bruce,Turner,bturneroz@trellian.com,1,252.144.171.92
901,Nancy,Patterson,npattersonp0@fema.gov,1,30.180.199.10
902,Larry,Brooks,lbrooksp1@homestead.com,1,191.189.84.212
903,Joyce,Jones,jjonesp2@huffingtonpost.com,0,130.125.160.206
904,Mark,Hudson,mhudsonp3@tuttocitta.it,0,224.21.189.3
905,Ryan,Russell,rrussellp4@arstechnica.com,0,80.135.69.5
906,Donald,Mitchell,dmitchellp5@printfriendly.com,1,97.18.175.151
907,Jeffrey,Mitchell,jmitchellp6@t.co,0,100.233.142.143
908,Chris,Jordan,cjordanp7@independent.co.uk,1,152.248.11.27
909,Randy,Butler,rbutlerp8@reverbnation.com,0,213.47.120.69
910,Donald,Bryant,dbryantp9@thetimes.co.uk,1,58.187.228.58
911,Martin,Morgan,mmorganpa@seattletimes.com,1,30.107.24.128
912,Elizabeth,Hamilton,ehamiltonpb@hc360.com,0,49.149.107.160
913,Frances,Henderson,fhendersonpc@smh.com.au,0,112.141.76.135
914,Todd,Baker,tbakerpd@toplist.cz,1,56.192.110.108
915,Joseph,Larson,jlarsonpe@taobao.com,1,181.110.156.207
916,Adam,Watson,awatsonpf@jiathis.com,1,126.17.0.0
917,Chris,Jacobs,cjacobspg@artisteer.com,1,220.16.251.197
918,Howard,Taylor,htaylorph@theglobeandmail.com,0,207.87.188.186
919,Harry,Vasquez,hvasquezpi@google.de,0,169.125.145.41
920,Karen,Garza,kgarzapj@live.com,0,147.77.207.106
921,Tammy,Hughes,thughespk@java.com,1,141.61.15.115
922,Sandra,Elliott,selliottpl@wordpress.com,0,148.198.97.127
923,Steve,Morris,smorrispm@harvard.edu,0,45.44.38.221
924,Cynthia,Gibson,cgibsonpn@360.cn,0,137.61.184.227
925,Shawn,Little,slittlepo@phoca.cz,0,108.205.220.108
926,Johnny,Sullivan,jsullivanpp@digg.com,1,43.235.32.27
927,Christopher,Garza,cgarzapq@vimeo.com,0,187.114.18.12
928,Karen,Martin,kmartinpr@usda.gov,0,237.98.84.239
929,Sara,Fowler,sfowlerps@hexun.com,1,196.43.95.126
930,Billy,Dunn,bdunnpt@irs.gov,0,194.173.226.182
931,Rachel,Morris,rmorrispu@mashable.com,0,111.217.199.31
932,Sara,Sullivan,ssullivanpv@joomla.org,1,94.9.142.111
933,Patrick,Murray,pmurraypw@seesaa.net,0,52.81.44.250
934,Joshua,Watson,jwatsonpx@patch.com,0,216.192.129.185
935,Raymond,Crawford,rcrawfordpy@amazon.com,1,127.215.156.214
936,Brandon,Carr,bcarrpz@mapquest.com,1,167.151.189.23
937,Debra,Moore,dmooreq0@blogspot.com,0,157.240.154.181
938,Lillian,Carr,lcarrq1@hc360.com,1,220.110.70.179
939,Elizabeth,Arnold,earnoldq2@t.co,0,150.150.21.193
940,Cheryl,Kelly,ckellyq3@huffingtonpost.com,1,222.207.108.175
941,Rachel,Reed,rreedq4@tuttocitta.it,1,10.146.223.234
942,Robert,Roberts,rrobertsq5@nhs.uk,0,200.76.25.4
943,Eric,Ryan,eryanq6@house.gov,1,163.61.195.172
944,Ann,Johnson,ajohnsonq7@ezinearticles.com,1,140.246.243.19
945,Sarah,Gilbert,sgilbertq8@youtu.be,0,135.4.25.211
946,Diane,Frazier,dfrazierq9@jalbum.net,1,184.158.60.117
947,Margaret,Cole,mcoleqa@blogspot.com,1,34.152.134.88
948,Christina,Marshall,cmarshallqb@nsw.gov.au,1,4.102.195.0
949,Charles,Sanchez,csanchezqc@zimbio.com,0,233.208.126.43
950,Mark,Mcdonald,mmcdonaldqd@etsy.com,0,38.18.121.128
951,Dorothy,Robertson,drobertsonqe@domainmarket.com,0,218.93.37.98
952,Christine,Bishop,cbishopqf@businessinsider.com,1,85.169.234.117
953,William,Frazier,wfrazierqg@dailymotion.com,1,64.220.42.135
954,Jose,Griffin,jgriffinqh@intel.com,1,213.133.106.23
955,Steven,Cox,scoxqi@icio.us,1,208.222.27.97
956,Bobby,Davis,bdavisqj@rakuten.co.jp,1,66.226.30.162
957,Beverly,Gordon,bgordonqk@mapy.cz,0,69.162.146.111
958,Jason,Sullivan,jsullivanql@indiatimes.com,1,98.3.133.194
959,Janet,Fields,jfieldsqm@comsenz.com,1,195.8.127.130
960,Katherine,Gilbert,kgilbertqn@hexun.com,1,23.233.170.188
961,Denise,Stevens,dstevensqo@godaddy.com,0,250.102.138.93
962,John,Wright,jwrightqp@un.org,0,197.137.253.243
963,Julie,Harris,jharrisqq@hexun.com,1,68.198.40.13
964,Janice,Thomas,jthomasqr@ustream.tv,1,97.19.205.244
965,Bobby,Harrison,bharrisonqs@yelp.com,1,76.45.216.109
966,Ruby,Watson,rwatsonqt@skype.com,1,97.215.104.11
967,Janet,Stevens,jstevensqu@unicef.org,0,253.235.156.198
968,Antonio,Mason,amasonqv@goo.gl,1,220.97.246.207
969,Kimberly,Kim,kkimqw@nature.com,0,215.139.129.79
970,Betty,Johnston,bjohnstonqx@furl.net,0,228.148.130.4
971,Mildred,Peterson,mpetersonqy@joomla.org,1,96.235.36.120
972,William,Berry,wberryqz@hp.com,1,167.241.189.132
973,Mark,Ray,mrayr0@woothemes.com,1,16.125.155.101
974,Kelly,Nelson,knelsonr1@diigo.com,0,228.149.189.119
975,Todd,Harvey,tharveyr2@webs.com,0,169.95.14.100
976,William,Snyder,wsnyderr3@ifeng.com,1,89.134.37.31
977,Donald,Hunter,dhunterr4@statcounter.com,1,47.255.58.2
978,Emily,Mendoza,emendozar5@zimbio.com,0,80.182.221.107
979,Diane,Holmes,dholmesr6@upenn.edu,0,122.2.189.41
980,Albert,Martin,amartinr7@ted.com,1,230.162.226.176
981,Peter,Fox,pfoxr8@vk.com,0,116.118.190.60
982,Nicole,Elliott,nelliottr9@bizjournals.com,0,76.108.89.21
983,Evelyn,Adams,eadamsra@admin.ch,1,66.110.247.35
984,Samuel,Bennett,sbennettrb@ehow.com,1,80.228.91.18
985,Alan,Olson,aolsonrc@gov.uk,0,222.3.79.42
986,Peter,Hart,phartrd@answers.com,1,198.133.158.52
987,Kenneth,Greene,kgreenere@twitpic.com,1,162.90.141.42
988,Barbara,Ellis,bellisrf@examiner.com,1,19.254.156.218
989,Judith,Burke,jburkerg@columbia.edu,0,47.137.23.94
990,Howard,Powell,hpowellrh@cisco.com,0,66.26.146.16
991,Nicole,Foster,nfosterri@nbcnews.com,0,107.182.62.159
992,Aaron,Wright,awrightrj@parallels.com,1,54.45.16.201
993,Jeffrey,Rogers,jrogersrk@networksolutions.com,1,100.151.170.187
994,Jack,Austin,jaustinrl@chron.com,0,138.147.251.238
995,Diane,Price,dpricerm@buzzfeed.com,0,206.20.124.34
996,Judy,Johnston,jjohnstonrn@mayoclinic.com,1,118.90.209.103
997,Diana,Carroll,dcarrollro@blogs.com,1,17.103.178.176
998,Catherine,Wells,cwellsrp@exblog.jp,1,112.227.205.100
999,Fred,Allen,fallenrq@cmu.edu,1,79.163.170.87
1000,Carlos,Thomas,cthomasrr@multiply.com,0,120.74.229.77
